ID,Platform,Name,Homepage URL,Repository URL
1,PyPI,0,https://pypi.org/project/0/,nan
2,PyPI,0-._.-._.-._.-._.-._.-._.-0,nan,nan
3,PyPI,000,https://github.com/username/wu.git,https://github.com/username/wu.git
4,PyPI,0.0.1,https://github.com/scotthuang1989/image2tfrecords,https://github.com/scotthuang1989/image2tfrecords
5,PyPI,00101s,nan,nan
6,PyPI,001-hello-uv,nan,nan
7,PyPI,00-merlin-hu-mcpdemo-pipy,https://pypi.org/project/00-merlin-hu-mcpdemo-pipy/,nan
8,PyPI,00print_lol,https://pypi.org/project/00print_lol/,nan
9,PyPI,00SMALINUX,https://pypi.org/project/00SMALINUX/,nan
10,PyPI,0101,https://github.com/username/wu.git,https://github.com/username/wu.git
11,PyPI,01changer,nan,nan
12,PyPI,01-cuda-pybind11,https://pypi.org/project/01-cuda-pybind11/,nan
13,PyPI,01d61084-d29e-11e9-96d1-7c5cf84ffe8e,https://pypi.org/project/01d61084-d29e-11e9-96d1-7c5cf84ffe8e/,nan
14,PyPI,01-distributions,https://pypi.org/project/01-distributions/,nan
15,PyPI,01memories,https://pypi.org/project/01memories/,nan
16,PyPI,01OS,https://pypi.org/project/01OS/,nan
17,PyPI,021,http://www.headfirstlabs.com,nan
18,PyPI,02122Group14,nan,nan
19,PyPI,024travis-test024,https://pypi.org/project/024travis-test024/,nan
20,PyPI,02exercicio,nan,nan
21,PyPI,0411-test,http://github.com/seonghun0915,http://github.com/seonghun0915
22,PyPI,0.618,https://github.com/qu6zhi/0.618,https://github.com/qu6zhi/0.618
23,PyPI,0.67.0,https://pypi.org/project/0.67.0/,nan
24,PyPI,0706xiaoye,https://gitee.com/zqy0315/pypi-test,nan
25,PyPI,0805nexter,http://www.hp.com,nan
26,PyPI,090807040506030201testpip,https://pypi.org/project/090807040506030201testpip/,nan
27,PyPI,0-core-client,https://github.com/zero-os/0-core,https://github.com/zero-os/0-core
28,PyPI,0din-jef,https://pypi.org/project/0din-jef/,https://github.com/0din-ai/0din-JEF
29,PyPI,0fdb5604,https://pypi.org/project/0fdb5604/,nan
30,PyPI,0fosdc,https://github.com/UNSHD-X7/PROJECT-PX1,https://github.com/UNSHD-X7/PROJECT-PX1
31,PyPI,0g-storage-sdk,https://github.com/0glabs/0g-py-sdk,https://github.com/0glabs/0g-py-sdk/tree/main/0g_py_storage
32,PyPI,0html,https://github.com/0oio/0html,https://github.com/0oio/0html
33,PyPI,0imap,https://github.com/0oio/0imap,https://github.com/0oio/0imap
34,PyPI,0lever-so,https://github.com/0lever/so,https://github.com/0lever/so
35,PyPI,0lever-utils,https://github.com/0lever/utils,https://github.com/0lever/utils
36,PyPI,0-liuxiaojing,https://github.com/lqxnjk/0_liuxiaojing,https://github.com/lqxnjk/0_liuxiaojing
37,PyPI,0-orchestrator,https://github.com/g8os/grid,https://github.com/g8os/grid
38,PyPI,0pencv,nan,nan
39,PyPI,0proto,https://github.com/example/0proto,https://github.com/example/0proto
40,PyPI,0rest,https://github.com/0oio/0rest,https://github.com/0oio/0rest
41,PyPI,0rss,https://github.com/mindey/0rss,https://github.com/mindey/0rss
42,PyPI,0SQL,https://github.com/ishanoshada/0SQL,https://github.com/ishanoshada/0SQL
43,PyPI,0wdg9nbmpm,nan,nan
44,PyPI,0wneg,nan,nan
45,PyPI,0x01-autocert-dns-aliyun,https://github.com/Smart-Hypercube/autocert,https://github.com/Smart-Hypercube/autocert
46,PyPI,0x01-cubic-sdk,https://github.com/Smart-Hypercube/cubic-sdk,https://github.com/Smart-Hypercube/cubic-sdk
47,PyPI,0x01-letsencrypt,https://github.com/Smart-Hypercube/autocert,https://github.com/Smart-Hypercube/autocert
48,PyPI,0x0-python,https://pypi.org/project/0x0-python/,nan
49,PyPI,0x10c-asm,https://github.com/severb/0x10c-asm,https://github.com/severb/0x10c-asm
50,PyPI,0x20bf,https://pypi.org/project/0x20bf/,nan
51,PyPI,0x2nac0nda,https://pypi.org/project/0x2nac0nda/,nan
52,PyPI,0x6C1,https://github.com/celestine1729/0x6C1,https://github.com/celestine1729/0x6C1
53,PyPI,0xble-utils,https://pypi.org/project/0xble-utils/,nan
54,PyPI,0x-contract-addresses,https://github.com/0xproject/0x-monorepo/tree/development/python-packages/contract_addresses,https://github.com/0xproject/0x-monorepo/tree/development/python-packages/contract_addresses
55,PyPI,0x-contract-artifacts,https://github.com/0xproject/0x-monorepo/tree/development/python-packages/contract_artifacts,https://github.com/0xproject/0x-monorepo/tree/development/python-packages/contract_artifacts
56,PyPI,0x-contract-wrappers,https://github.com/0xproject/0x-monorepo/tree/development/python-packages/contract_wrappers,https://github.com/0xproject/0x-monorepo/tree/development/python-packages/contract_wrappers
57,PyPI,0xdirsan,https://pypi.org/project/0xdirsan/,nan
58,PyPI,0xf0f-codenode,https://github.com/0xf0f/codenode,https://github.com/0xf0f/codenode
59,PyPI,0xibra-scann,https://github.com/google-research/google-research/tree/master/scann,https://github.com/google-research/google-research/tree/master/scann
60,PyPI,0x-json-schemas,https://github.com/0xProject/0x-monorepo/tree/development/python-packages/json_schemas,https://github.com/0xProject/0x-monorepo/tree/development/python-packages/json_schemas
61,PyPI,0x-middlewares,https://github.com/0xproject/0x-monorepo/tree/development/python-packages/middlewares,https://github.com/0xproject/0x-monorepo/tree/development/python-packages/middlewares
62,PyPI,0xmpp,https://github.com/0oio/0xmpp,https://github.com/0oio/0xmpp
63,PyPI,0xnetx-logx,https://github.com/0xNetx/logx,https://github.com/0xNetx/logx
64,PyPI,0x-order-utils,https://github.com/0xProject/0x-monorepo/tree/development/python-packages/order_utils,https://github.com/0xProject/0x-monorepo/tree/development/python-packages/order_utils
65,PyPI,0x-python,https://github.com/skeetzo/0x-python,https://github.com/skeetzo/0x-python
66,PyPI,0x-sra-client,https://github.com/0xproject/0x-monorepo/tree/development/python-packages/sra_client,https://github.com/0xproject/0x-monorepo/tree/development/python-packages/sra_client
67,PyPI,0x-web3,https://github.com/ethereum/web3.py,https://github.com/ethereum/web3.py
68,PyPI,1,nan,nan
69,PyPI,100bot,https://github.com/PeppyHare/100bot,https://github.com/PeppyHare/100bot/
70,PyPI,100cli,https://pypi.org/project/100cli/,nan
71,PyPI,100-python-projects,https://pypi.org/project/100-python-projects/,nan
72,PyPI,1011903677-siddharth-topsis,https://pypi.org/project/1011903677-siddharth-topsis/,nan
73,PyPI,101703048-topsis,https://github.com/AkritiSehgal/101703048_topsis,https://github.com/AkritiSehgal/101703048_topsis
74,PyPI,101703072-handle-missing,https://github.com/anish175/101703072_handle_missing,https://github.com/anish175/101703072_handle_missing
75,PyPI,101703087-missing-values,https://github.com/anukritigarg13/missing_values/tree/1.0.0,https://github.com/anukritigarg13/missing_values/tree/1.0.0
76,PyPI,101703087-outlier,https://github.com/anukritigarg13/101703087_outliers/tree/v_1.0.0/101703087_outliers,https://github.com/anukritigarg13/101703087_outliers/tree/v_1.0.0/101703087_outliers
77,PyPI,101703087-topsis,https://github.com/user/101703087-topsis,https://github.com/user/101703087-topsis
78,PyPI,101703088-outlier,https://github.com/Anurag-Aggarwal/Outliers,https://github.com/Anurag-Aggarwal/Outliers
79,PyPI,101703088-topsis,https://github.com/user/101703088-topsis,https://github.com/user/101703088-topsis
80,PyPI,101703105,https://github.com/arushi0830?tab=repositories,https://github.com/arushi0830?tab=repositories
81,PyPI,101703196-topsis,https://github.com/guneesha12/101703196_topsis/tree/v_1.0.0,https://github.com/guneesha12/101703196_topsis/tree/v_1.0.0
82,PyPI,101703214-assign1-UCS633,https://github.com/harmeet511/101703214_assign1_UCS633,https://github.com/harmeet511/101703214_assign1_UCS633
83,PyPI,101703235-missing-val,https://github.com/pypa/missing_values,https://github.com/pypa/missing_values
84,PyPI,101703272-missing-val,https://github.com/pypa/missing_valuess,https://github.com/pypa/missing_valuess
85,PyPI,101703301-Project1-TOPSIS,https://github.com/,https://github.com/
86,PyPI,101703301-Project2,https://pypi.org/project/101703301-Project2/,nan
87,PyPI,101703301-project3,https://pypi.org/project/101703301-project3/,nan
88,PyPI,101703311-Missing-Data,https://pypi.org/project/101703311-Missing-Data/,nan
89,PyPI,101703311-OUTLIERS,https://pypi.org/project/101703311-OUTLIERS/,nan
90,PyPI,101703312-outlierRemoval,https://pypi.org/project/101703312-outlierRemoval/,nan
91,PyPI,101703322-missing-val,https://github.com/pypa/missing_valuess,https://github.com/pypa/missing_valuess
92,PyPI,101703373-outlier,https://github.com/vyasnikhil/Outliers-10173373,https://github.com/vyasnikhil/Outliers-10173373
93,PyPI,101703373-topsis,https://pypi.org/project/101703373-topsis/,nan
94,PyPI,101703375-p2,https://github.com/NishantDhanda/101703375_p2/,https://github.com/NishantDhanda/101703375_p2/
95,PyPI,101703378-project2,https://pypi.org/project/101703378-project2/,nan
96,PyPI,101703381-outlier,https://github.com/palkibansal31/Z_Score,https://github.com/palkibansal31/Z_Score
97,PyPI,101703383-python-package2,https://github.com/pypa/sampleproject,https://github.com/pypa/sampleproject
98,PyPI,101703476-samiksha,https://github.com/samii9914/TOPSIS,https://github.com/samii9914/TOPSIS
99,PyPI,101703488-sargun,nan,nan
100,PyPI,101703549-missing-val,https://github.com/pypa/missing_values,https://github.com/pypa/missing_values
101,PyPI,101703573-Missing-pkg-suruchipundir,https://github.com/suruchipundir/missing-data,https://github.com/suruchipundir/missing-data
102,PyPI,101703573-Outlier-pkg-suruchipundir,https://github.com/suruchipundir/outlier_detection,https://github.com/suruchipundir/outlier_detection
103,PyPI,101703573-Topsis-pkg-suruchipundir,https://github.com/pypa/sampleproject,https://github.com/pypa/sampleproject
104,PyPI,101703604-topsis,https://github.com/vchowdhary21,https://github.com/vchowdhary21
105,PyPI,101903117-shivam-singal,https://pypi.org/project/101903117-shivam-singal/,nan
106,PyPI,101903140,https://pypi.org/project/101903140/,nan
107,PyPI,101903683-kunal-topsis,https://github.com/Gargkunal02/101903683_kunal_topsis,https://github.com/Gargkunal02/101903683_kunal_topsis
108,PyPI,101903688,https://pypi.org/project/101903688/,nan
109,PyPI,101903697-Topsis-code,https://pypi.org/project/101903697-Topsis-code/,nan
110,PyPI,101903700-Topsis-code,https://pypi.org/project/101903700-Topsis-code/,nan
111,PyPI,101903751-topsis,https://pypi.org/project/101903751-topsis/,nan
112,PyPI,101903755,https://pypi.org/project/101903755/,nan
113,PyPI,101903762,https://pypi.org/project/101903762/,nan
114,PyPI,101917149-topsis,https://github.com/DAKSH1-HUB/101917149-TOPSIS.git,https://github.com/DAKSH1-HUB/101917149-TOPSIS.git
115,PyPI,101hello-0.0.1-redish101,https://github.com/pypa/sampleproject,https://github.com/pypa/sampleproject
116,PyPI,102003017,https://pypi.org/project/102003017/,nan
117,PyPI,102003037-topsis,https://pypi.org/project/102003037-topsis/,nan
118,PyPI,102003050-topsis,https://github.com/Inaayat12/Topsis-102003050,https://github.com/Inaayat12/Topsis-102003050
119,PyPI,102003053,https://pypi.org/project/102003053/,nan
120,PyPI,102003105,https://github.com/AdiK1806/Topsis-Aditya-102003105,https://github.com/AdiK1806/Topsis-Aditya-102003105
121,PyPI,102003161-Hunar-Topsis,nan,nan
122,PyPI,102003171-Calc,https://pypi.org/project/102003171-Calc/,nan
123,PyPI,102003634,https://pypi.org/project/102003634/,nan
124,PyPI,102003646-Topsis,https://pypi.org/project/102003646-Topsis/,nan
125,PyPI,102003712,https://pypi.org/project/102003712/,nan
126,PyPI,102003759,https://pypi.org/project/102003759/,nan
127,PyPI,102003766-topsis,https://pypi.org/project/102003766-topsis/,nan
128,PyPI,102017059-Aakanksha-Topsis,https://github.com/aakanksha-17/102017059_Aakanksha_Topsis.git,https://github.com/aakanksha-17/102017059_Aakanksha_Topsis.git
129,PyPI,102017067-topsis,https://pypi.org/project/102017067-topsis/,nan
130,PyPI,102017119-topsis,https://pypi.org/project/102017119-topsis/,nan
131,PyPI,102053005-Aditya-Topsis,https://github.com/Adityakalhan/102053005-Aditya-Topsis,https://github.com/Adityakalhan/102053005-Aditya-Topsis
132,PyPI,102053010,nan,nan
133,PyPI,102053024,https://pypi.org/project/102053024/,nan
134,PyPI,102053042TOPSIS,https://pypi.org/project/102053042TOPSIS/,nan
135,PyPI,1020-nester,nan,nan
136,PyPI,102103354-shrey-topsis,nan,nan
137,PyPI,102103417-topsis-ojaswani,https://pypi.org/project/102103417-topsis-ojaswani/,nan
138,PyPI,102116042-topsis,https://pypi.org/project/102116042-topsis/,nan
139,PyPI,102116078-topsis-py,https://pypi.org/project/102116078-topsis-py/,nan
140,PyPI,102116116-topsis,https://pypi.org/project/102116116-topsis/,nan
141,PyPI,102183051-topsis,https://pypi.org/project/102183051-topsis/,nan
142,PyPI,102203013-Topsis,https://github.com/HitakshiArora/102203013-Topsis,https://github.com/HitakshiArora/102203013-Topsis
143,PyPI,102203058-Vaishnavi-Topsis,https://github.com/0609Vaish/102203058_Vaishnavi_Topsis,https://github.com/0609Vaish/102203058_Vaishnavi_Topsis
144,PyPI,102203092-topsis,https://pypi.org/project/102203092-topsis/,nan
145,PyPI,102203148-topsis,https://pypi.org/project/102203148-topsis/,nan
146,PyPI,102203162-topsis,https://github.com/yourusername/102203162-topsis,https://github.com/yourusername/102203162-topsis
147,PyPI,102203166-topsis,https://github.com/stuti-go/topsis-package,https://github.com/stuti-go/topsis-package
148,PyPI,102203166-topsis-stuti,https://github.com/stuti-go/topsis-package,https://github.com/stuti-go/topsis-package
149,PyPI,102203201-simrat,https://github.com/simratk05/topsis_py_package_simrat,https://github.com/simratk05/topsis_py_package_simrat
150,PyPI,102203236-Topsis,https://github.com/PranavKhurana117?tab=repositories,https://github.com/PranavKhurana117?tab=repositories
151,PyPI,102203404-topsis,https://github.com/Aryanz01/topsis-python-package,https://github.com/Aryanz01/topsis-python-package
152,PyPI,102203435-topsis,https://pypi.org/project/102203435-topsis/,nan
153,PyPI,102203525-TOPSIS,https://pypi.org/project/102203525-TOPSIS/,nan
154,PyPI,102203551-square,https://github.com/Aryanz01,https://github.com/Aryanz01
155,PyPI,102203551-topsis,https://github.com/Aryanz01/topsis-python-package,https://github.com/Aryanz01/topsis-python-package
156,PyPI,102203571-Topsis,https://pypi.org/project/102203571-Topsis/,nan
157,PyPI,102203584,https://github.com/trish-r/102203584-topsis,https://github.com/trish-r/102203584-topsis
158,PyPI,102203594-topsis,https://github.com/ShauryaJ123/topsis,https://github.com/ShauryaJ123/topsis
159,PyPI,102203658-Suvit-Kumar,https://pypi.org/project/102203658-Suvit-Kumar/1.0.1/,nan
160,PyPI,102203774-topsis,https://pypi.org/project/102203774-topsis/,nan
161,PyPI,102203816-Topsis,https://pypi.org/project/102203816-Topsis/,nan
162,PyPI,102203821-topsis,https://github.com/Archit-29/102203821_topsis,https://github.com/Archit-29/102203821_topsis
163,PyPI,102203836-topsis,nan,nan
164,PyPI,102206172-DHRUV,https://github.com/Dhruvrstar/TOPSIS,https://github.com/Dhruvrstar/TOPSIS
165,PyPI,102216005-Topsis,https://github.com/Reetinder932/topsis,https://github.com/Reetinder932/topsis
166,PyPI,102216076-Armandeep-Singh-Dhillon,nan,nan
167,PyPI,102216095-Topsis,https://pypi.org/project/102216095-Topsis/,nan
168,PyPI,102217006-topsis,https://pypi.org/project/102217006-topsis/,nan
169,PyPI,102217053-topsis,https://github.com/Mitul-Agarwal/102217053_topsis,https://github.com/Mitul-Agarwal/102217053_topsis
170,PyPI,102217092-aditya-102217092,nan,nan
171,PyPI,102217106-topsis,https://pypi.org/project/102217106-topsis/,nan
172,PyPI,102217109-topsis,https://pypi.org/project/102217109-topsis/,nan
173,PyPI,102217161-topsis,https://github.com/user/reponame,https://github.com/user/reponame
174,PyPI,102217186-abhaijeet-topsis,https://github.com/AbhaijeetSingh11/102217186_abhaijeet_topsis,https://github.com/AbhaijeetSingh11/102217186_abhaijeet_topsis
175,PyPI,102217211-Ashmeet-topsis,https://github.com/ashmkaur/102217211_Ashmeet_topsis,https://github.com/ashmkaur/102217211_Ashmeet_topsis
176,PyPI,102217227-TOPSIS,https://github.com/TANISHQgarg60/TOPSIS,https://github.com/TANISHQgarg60/TOPSIS
177,PyPI,102217236-TOPSIS,https://pypi.org/project/102217236-TOPSIS/,nan
178,PyPI,102218023-TEXTCONVERTOR,https://pypi.org/project/102218023-TEXTCONVERTOR/,nan
179,PyPI,102218026-topsis,nan,nan
180,PyPI,102218026-topsiss,https://github.com/Shubhamaggarwal6/calculate_performance_scores,https://github.com/Shubhamaggarwal6/calculate_performance_scores
181,PyPI,102218026upper-case-change,https://github.com/Shubhamaggarwal6/upper-case-change,https://github.com/Shubhamaggarwal6/upper-case-change
182,PyPI,102218038-topsis,https://pypi.org/project/102218038-topsis/,nan
183,PyPI,102218041-topsis,https://github.com/Eshitva/102218041_Eshitva_TOPSIS,https://github.com/Eshitva/102218041_Eshitva_TOPSIS
184,PyPI,102218077-topsis,https://pypi.org/project/102218077-topsis/,nan
185,PyPI,102218079-topsis,https://pypi.org/project/102218079-topsis/,nan
186,PyPI,102383046-topsis,https://pypi.org/project/102383046-topsis/,nan
187,PyPI,102383058-calculator,https://pypi.org/project/102383058-calculator/,nan
188,PyPI,102383077-Shresth-Topsis,https://github.com/yourusername/topsis,https://github.com/yourusername/topsis
189,PyPI,1030test,https://pypi.org/project/1030test/,nan
190,PyPI,1082-msr-bhp,https://pypi.org/project/1082-msr-bhp/,nan
191,PyPI,108Moshpdf,https://pypi.org/project/108Moshpdf/,nan
192,PyPI,10-8moshpdf,nan,nan
193,PyPI,10.8-Publishing-Packages,https://pypi.org/project/10.8-Publishing-Packages/,nan
194,PyPI,10daysweb,https://github.com/bace1996/10daysWeb,https://github.com/bace1996/10daysWeb
195,PyPI,10dulkar17-s3-aws,https://github.com/10dulkar17/10dulkar17-utils,https://github.com/10dulkar17/10dulkar17-utils
196,PyPI,10EngrProblems,https://pypi.org/project/10EngrProblems/,nan
197,PyPI,10xscale-agentflow,https://pypi.org/project/10xscale-agentflow/,https://github.com/10xHub/agentflow
198,PyPI,10xscale-agentflow-cli,https://pypi.org/project/10xscale-agentflow-cli/,https://github.com/10xHub/agentflow-cli
199,PyPI,1102,https://github.com/lqxnjk/1102,https://github.com/lqxnjk/1102
200,PyPI,111752,https://github.com/adreankibe/111752,https://github.com/adreankibe/111752
201,PyPI,115wangpan,https://github.com/shichao-an/115wangpan,https://github.com/shichao-an/115wangpan
202,PyPI,11601160,https://github.com/pypa/sampleproject,https://github.com/pypa/sampleproject
203,PyPI,11dl-gpu,nan,nan
204,PyPI,11l,http://11l-lang.org,nan
205,PyPI,11Team-AssistantBot,https://github.com/osandrey/GoIt_Team_11_Project/tree/testmyadressbook,https://github.com/osandrey/GoIt_Team_11_Project/tree/testmyadressbook
206,PyPI,11x-wagtail-blog,https://pypi.org/project/11x-wagtail-blog/,https://github.com/11x-engineering/11x-wagtail-blog
207,PyPI,123,https://github.com/pypa/sampleproject,https://github.com/pypa/sampleproject
208,PyPI,12306-booking,https://github.com/hack12306/12306-booking,https://github.com/hack12306/12306-booking
209,PyPI,12306-mcp,https://pypi.org/project/12306-mcp/,nan
210,PyPI,12306-search-mcp,https://pypi.org/project/12306-search-mcp/,nan
211,PyPI,1234exec,nan,nan
212,PyPI,123dasilva4,https://github.com/xxxxx/dobro,https://github.com/xxxxx/dobro
213,PyPI,123hibob789,https://pypi.org/project/123hibob789/,nan
214,PyPI,123-object-detection,https://pypi.org/project/123-object-detection/,nan
215,PyPI,123TestUpload,https://pypi.org/project/123TestUpload/,nan
216,PyPI,123tv-iptv,https://github.com/interlark/123tv-iptv,https://github.com/interlark/123tv-iptv
217,PyPI,125softNLP,https://github.com/pypa/sampleproject,https://github.com/pypa/sampleproject
218,PyPI,128Autograder,https://pypi.org/project/128Autograder/,nan
219,PyPI,12bucks,https://github.com/yourusername/12bucks,https://github.com/yourusername/12bucks
220,PyPI,12-distributions,https://pypi.org/project/12-distributions/,nan
221,PyPI,12factor-configclasses,https://github.com/kingoodie/configclasses,https://github.com/kingoodie/configclasses
222,PyPI,12factor-vault,https://github.com/jdelic/12factor-vault/,https://github.com/jdelic/12factor-vault/
223,PyPI,12-test,https://pypi.org/project/12-test/,nan
224,PyPI,12tree,nan,nan
225,PyPI,131228_pytest_1,nan,nan
226,PyPI,1337x,https://pypi.org/project/1337x/,https://github.com/hemantapkh/1337x
227,PyPI,13-EGE,https://pypi.org/project/13-EGE/,nan
228,PyPI,144lab,https://github.com/pypa/sampleproject,https://github.com/pypa/sampleproject
229,PyPI,146003-math-lihu,https://pypi.org/project/146003-math-lihu/,nan
230,PyPI,14four-infrastructure-control,https://pypi.org/project/14four-infrastructure-control/,nan
231,PyPI,153957-theme,https://pypi.org/project/153957-theme/,https://github.com/153957/153957-theme/
232,PyPI,15five-django-ajax-selects,https://github.com/crucialfelix/django-ajax-selects/,https://github.com/crucialfelix/django-ajax-selects/
233,PyPI,15five-snowplow-tracker,http://snowplowanalytics.com,nan
234,PyPI,168learn,nan,nan
235,PyPI,169Pi,nan,nan
236,PyPI,170051277-trab-final-gces,https://github.com/ngm1450/trabalho_individual_gces_170051277,https://github.com/ngm1450/trabalho_individual_gces_170051277
237,PyPI,17-learnai-mcp-demo,https://pypi.org/project/17-learnai-mcp-demo/,nan
238,PyPI,17MonIP,http://lxyu.github.io/17monip/,nan
239,PyPI,18-e,https://pypi.org/project/18-e/,nan
240,PyPI,19062025,https://pypi.org/project/19062025/,nan
241,PyPI,19226331LalitAgrawal,https://github.com/agrawallalit/Food_ordering_library,https://github.com/agrawallalit/Food_ordering_library
242,PyPI,1942pyc,https://github.com/PirxcyFinal/pirxcybotv4,https://github.com/PirxcyFinal/pirxcybotv4
243,PyPI,19434010112,https://pypi.org/project/19434010112/,nan
244,PyPI,199Fix,https://github.com/199fix/199fix,https://github.com/199fix/199fix
245,PyPI,19CS30055-package,https://pypi.org/project/19CS30055-package/,nan
246,PyPI,19CS30055-package1,https://pypi.org/project/19CS30055-package1/,nan
247,PyPI,19CS30055-Q2,https://pypi.org/project/19CS30055-Q2/,nan
248,PyPI,1a23-telemetry,https://github.com/blueset/1a23-telemetry,https://github.com/blueset/1a23-telemetry
249,PyPI,1and1,https://github.com/1and1/oneandone-cloudserver-sdk-python,https://github.com/1and1/oneandone-cloudserver-sdk-python
250,PyPI,1app,https://github.com/0oio/1app,https://github.com/0oio/1app
251,PyPI,1assl,https://pypi.org/project/1assl/,nan
252,PyPI,1b01-example-publish-pypi-medium,nan,nan
253,PyPI,1b1l-distributions,nan,nan
254,PyPI,1build,https://github.com/gopinath-langote/1build,https://github.com/gopinath-langote/1build
255,PyPI,1c3o3cxj,https://pypi.org/project/1c3o3cxj/,nan
256,PyPI,1c-format,https://github.com/maximprokopenko/1c_format,https://github.com/maximprokopenko/1c_format
257,PyPI,1cijferho,https://pypi.org/project/1cijferho/,https://github.com/cedanl/1cijferho.git
258,PyPI,1c-utilites,https://pypi.org/project/1c-utilites/,nan
259,PyPI,1d3-checkout-sdk,https://github.com/dev1d3/checkoutpage-sdk-python,https://github.com/dev1d3/checkoutpage-sdk-python
260,PyPI,1dct,nan,nan
261,PyPI,1distro,https://pypi.org/project/1distro/,nan
262,PyPI,1d-qt-ideal-solver,https://pypi.org/project/1d-qt-ideal-solver/,nan
263,PyPI,1dyfolabs-test-script,https://pypi.org/project/1dyfolabs-test-script/,nan
264,PyPI,1ee,http://t.qq.com/Code_Lee,nan
265,PyPI,1inch.py,https://github.com/RichardAtCT/1inch_wrapper,https://github.com/RichardAtCT/1inch_wrapper
266,PyPI,1joepie-prank,https://pypi.org/project/1joepie-prank/,nan
267,PyPI,1-jupyterlab-ext,https://pypi.org/project/1-jupyterlab-ext/,https://github.com/RussiaZ/horta-da-v-v-.git
268,PyPI,1lever-utils,https://github.com/0lever/utils,https://github.com/0lever/utils
269,PyPI,1mllab,https://github.com/yourusername/mllab4,https://github.com/yourusername/mllab4
270,PyPI,1nester,http://www.headfirstlabs.com,nan
271,PyPI,1NeuronPerceptron-Pypi-mdnazmulislam0087,https://github.com/mdnazmulislam0087/1NeuronPerceptron_Pypi,https://github.com/mdnazmulislam0087/1NeuronPerceptron_Pypi
272,PyPI,1neuron-pypi-overlordiam,https://github.com/overlordiam/1neuron_pypi,https://github.com/overlordiam/1neuron_pypi
273,PyPI,1on1,https://pypi.org/project/1on1/,nan
274,PyPI,1OS,https://github.com/1deos/1OS,https://github.com/1deos/1OS
275,PyPI,1pass,http://github.com/georgebrock/1pass,http://github.com/georgebrock/1pass
276,PyPI,1pass2pass,https://github.com/spoterianski/1pass2pass,https://github.com/spoterianski/1pass2pass
277,PyPI,1pass-env,https://pypi.org/project/1pass-env/,https://github.com/AgentGino/1pass-env.git
278,PyPI,1password,https://github.com/wandera/1password-client,https://github.com/wandera/1password-client
279,PyPI,1password-secrets,https://github.com/significa/fly-1password-secrets,https://github.com/significa/fly-1password-secrets
280,PyPI,1Password-Utility,https://github.com/tuklu/1Password_Utility.git,https://github.com/tuklu/1Password_Utility.git
281,PyPI,1-photocritique-2-critique-ai-photo-3-photo-grammar-4-compose-ai-5-lenslytics-6-critique-nlp-7-photo-mentor-8-frame-analyzer-9-critique-parse-10-shot-sensei,nan,nan
282,PyPI,1primo1,https://pypi.org/project/1primo1/,nan
283,PyPI,1Q847,https://github.com/qxt514657/,https://github.com/qxt514657/
284,PyPI,1RF21IS005,https://pypi.org/project/1RF21IS005/,nan
285,PyPI,1secMail,https://github.com/qvco/1secMail-Python,https://github.com/qvco/1secMail-Python
286,PyPI,1secmail-python,nan,nan
287,PyPI,1secmailpythonwarper,https://github.com/pfpcio/1secmailpythonwarper,https://github.com/pfpcio/1secmailpythonwarper
288,PyPI,1st,https://pypi.org/project/1st/,nan
289,PyPI,1st-Folder,https://github.com/juneiskold/booking_system,https://github.com/juneiskold/booking_system
290,PyPI,1_super_test,https://pypi.org/project/1_super_test/,nan
291,PyPI,1-test-package,https://pypi.org/project/1-test-package/,nan
292,PyPI,1to001,https://github.com/livibetter/1to001,https://github.com/livibetter/1to001
293,PyPI,1xn-vmcp,https://pypi.org/project/1xn-vmcp/,https://github.com/1xn-labs/1xn-vmcp
294,PyPI,1zlab-emp-ide,http://1zlab.com/ide,nan
295,PyPI,1zlab-homepage,http://www.1zlab.com,nan
296,PyPI,2,nan,nan
297,PyPI,2000,https://github.com/ishanoshada/,https://github.com/ishanoshada/
298,PyPI,2009escape,https://pypi.org/project/2009escape/,nan
299,PyPI,2013007_pyh,nan,nan
300,PyPI,20191004,http://www.headfirstlabs.com,nan
301,PyPI,2020,https://pypi.org/project/2020/,nan
302,PyPI,2020239019,https://pypi.org/project/2020239019/,nan
303,PyPI,2021assignment1calculator1,https://pypi.org/project/2021assignment1calculator1/,nan
304,PyPI,2021ccps3,https://github.com/pypa/sampleproject,https://github.com/pypa/sampleproject
305,PyPI,20220429-pdfminer-jameslp310,https://github.com/pdfminer/pdfminer.six,https://github.com/pdfminer/pdfminer.six
306,PyPI,2022.12.06.1052,nan,nan
307,PyPI,20221206.1356,nan,nan
308,PyPI,20221206.1408,https://pypi.org/project/20221206.1408/,nan
309,PyPI,20221206.1418,https://pypi.org/project/20221206.1418/,nan
310,PyPI,2022-2-gces-ifpf,https://pypi.org/project/2022-2-gces-ifpf/,nan
311,PyPI,2022-assignment1-ITIS,https://gitlab.com/magni5/2022_assignment1_itis.git,https://gitlab.com/magni5/2022_assignment1_itis.git
312,PyPI,2022Calculator,nan,nan
313,PyPI,2022-distributions,https://pypi.org/project/2022-distributions/,nan
314,PyPI,2022Printer,nan,nan
315,PyPI,2022-requests,nan,nan
316,PyPI,202313093037,nan,nan
317,PyPI,2023-assignement-DevOps,https://pypi.org/project/2023-assignement-DevOps/,nan
318,PyPI,2023-assignemt1-viewscounter,nan,nan
319,PyPI,2023-assignment1-DevOps,https://pypi.org/project/2023-assignment1-DevOps/,nan
320,PyPI,2023-assignment1-viewscounter,https://pypi.org/project/2023-assignment1-viewscounter/,nan
321,PyPI,2023-assignment-DevOps,https://pypi.org/project/2023-assignment-DevOps/,nan
322,PyPI,2023-ASSIGNMENT-PYTHONPIPELINE-DSCF,https://gitlab.com/processo-e-sviluppo-software/2023_assignment1_PythonPipeline.git,https://gitlab.com/processo-e-sviluppo-software/2023_assignment1_PythonPipeline.git
323,PyPI,2023-Whit3-H4t-Sc4nn3r-Fir5t,https://github.com/kty121/2023_Whit3_H4t_Sc4nn3r_Fir5t,https://github.com/kty121/2023_Whit3_H4t_Sc4nn3r_Fir5t
324,PyPI,20241114-1348,https://github.com/FriedrichMuelle/20241114_1348,https://github.com/FriedrichMuelle/20241114_1348
325,PyPI,2024-ass2-ErbaFiore-DevOps,https://pypi.org/project/2024-ass2-ErbaFiore-DevOps/,nan
326,PyPI,2024-assignment2-apirestpy,https://pypi.org/project/2024-assignment2-apirestpy/,nan
327,PyPI,2024-assignment2-gruppoBLVG-Matteo,https://pypi.org/project/2024-assignment2-gruppoBLVG-Matteo/,nan
328,PyPI,2024calc,https://pypi.org/project/2024calc/,nan
329,PyPI,2024OSS-PyPi-dinogarlic,https://github.com/Dinogarlic/oss-world,https://github.com/Dinogarlic/oss-world
330,PyPI,2024-test-ci-cd-ad-pipe,https://pypi.org/project/2024-test-ci-cd-ad-pipe/,nan
331,PyPI,2025_assignment2_expenses_manager,https://pypi.org/project/2025_assignment2_expenses_manager/,nan
332,PyPI,2025-assignment2-vaultPasswordManager,https://gitlab.com/mbroglio/2025_assignment2_vaultPasswordManager,https://gitlab.com/mbroglio/2025_assignment2_vaultPasswordManager
333,PyPI,2026-new-year,https://pypi.org/project/2026-new-year/,nan
334,PyPI,203-python-project-rc,https://pypi.org/project/203-python-project-rc/,nan
335,PyPI,2048,https://github.com/quantum5/2048,https://github.com/quantum5/2048
336,PyPI,2048-cli,https://pypi.org/project/2048-cli/,https://github.com/gbPagano/2048-cli
337,PyPI,2048game,https://pypi.org/project/2048game/,nan
338,PyPI,2048lite,https://pypi.org/project/2048lite/,nan
339,PyPI,2048-py,https://github.com/Ta180m/2048,https://github.com/Ta180m/2048
340,PyPI,2048-river,https://pypi.org/project/2048-river/,nan
341,PyPI,2048-Wallpaper-Edition,https://github.com/impavloh/2048-Wallpaper-Edition,https://github.com/impavloh/2048-Wallpaper-Edition
342,PyPI,2080,https://github.com/ishanoshada/,https://github.com/ishanoshada/
343,PyPI,2090,https://github.com/ishanoshada/,https://github.com/ishanoshada/
344,PyPI,20CS30064MyPackage,https://github.com/,https://github.com/
345,PyPI,20XX,https://github.com/WillDudley/20XX,https://github.com/WillDudley/20XX
346,PyPI,2100,https://github.com/ishanoshada/,https://github.com/ishanoshada/
347,PyPI,2112,https://github.com/hermancaldara/2112,https://github.com/hermancaldara/2112
348,PyPI,2112-generator-graphql-api,https://github.com/Elbujito/2112,https://github.com/Elbujito/2112
349,PyPI,21234191-cpp-pkg,https://github.com/gauravs30/Payment-Library-CPP,https://github.com/gauravs30/Payment-Library-CPP
350,PyPI,2143134,https://pypi.org/project/2143134/,nan
351,PyPI,21blackjack-gui,https://github.com/outlawF16/blackjack,https://github.com/outlawF16/blackjack
352,PyPI,21cmFAST,https://github.com/21cmFAST/21cmFAST,https://github.com/21cmFAST/21cmFAST
353,PyPI,21CMMC,https://github.com/21cmFAST/21CMMC,https://github.com/21cmFAST/21CMMC
354,PyPI,21cmPSDenoiser,https://pypi.org/project/21cmPSDenoiser/,https://github.com/DanielaBreitman/21cmPSDenoiser
355,PyPI,21cmSense,https://pypi.org/project/21cmSense/,nan
356,PyPI,21x-sdk,https://pypi.org/project/21x-sdk/,nan
357,PyPI,222,https://github.com/lqxnjk/222,https://github.com/lqxnjk/222
358,PyPI,223,https://pypi.org/project/223/,nan
359,PyPI,2233,https://github.com/username/wu.git,https://github.com/username/wu.git
360,PyPI,2233223,https://pypi.org/project/2233223/,nan
361,PyPI,2-2-4-1-3-quick-maths,https://pypi.org/project/2-2-4-1-3-quick-maths/,nan
362,PyPI,2267570-hw4,https://pypi.org/project/2267570-hw4/,nan
363,PyPI,22BEE0039,https://pypi.org/project/22BEE0039/,nan
364,PyPI,22BEE0040,https://pypi.org/project/22BEE0040/,nan
365,PyPI,22BEE0060,https://pypi.org/project/22BEE0060/,nan
366,PyPI,233,https://github.com/username/wu.git,https://github.com/username/wu.git
367,PyPI,23303395-aws-report-generator,https://pypi.org/project/23303395-aws-report-generator/,nan
368,PyPI,2333,https://github.com/username/wu.git,https://github.com/username/wu.git
369,PyPI,2345435342313131,nan,nan
370,PyPI,23andme-to-vcf,https://github.com/david-wb/23andme_to_vcf,https://github.com/david-wb/23andme_to_vcf
371,PyPI,23igeg,https://github.com/tuo-user/23igeg,https://github.com/tuo-user/23igeg
372,PyPI,2401469-hello,https://pypi.org/project/2401469-hello/,nan
373,PyPI,2401477,https://pypi.org/project/2401477/,nan
374,PyPI,2404-segmentation-pipeline,https://github.com/2404-Organ-Segmentation/segmentation-pipeline,https://github.com/2404-Organ-Segmentation/segmentation-pipeline
375,PyPI,24-06-17,https://pypi.org/project/24-06-17/,nan
376,PyPI,2434,https://github.com/okumura-0128/2434,https://github.com/okumura-0128/2434
377,PyPI,248-sdk,https://pypi.org/project/248-sdk/,https://github.com/248ai/248-sdk
378,PyPI,24p,https://github.com/lingjf/24p,https://github.com/lingjf/24p
379,PyPI,24to25,https://github.com/kieranjol/24to25/,https://github.com/kieranjol/24to25/
380,PyPI,24ur-api,https://pypi.org/project/24ur-api/,https://github.com/amadejkastelic/24ur-api
381,PyPI,256-encrypt,nan,nan
382,PyPI,2.5D,http://k6nesoftware.com,nan
383,PyPI,270Boi,nan,nan
384,PyPI,29082022-distributions,https://pypi.org/project/29082022-distributions/,nan
385,PyPI,2969nester,nan,nan
386,PyPI,29mortarcycle,https://pypi.org/project/29mortarcycle/,nan
387,PyPI,2adif,https://pypi.org/project/2adif/,https://github.com/uiolee/2adif.git
388,PyPI,2b2t,https://github.com/keuin/2b2t,https://github.com/keuin/2b2t
389,PyPI,2b2t-api,nan,nan
390,PyPI,2b2t.py,https://github.com/BGP0/2b2t.py,https://github.com/BGP0/2b2t.py
391,PyPI,2b4cad69c8f0478caa92a512e57b735aba978d0e,https://pypi.org/project/2b4cad69c8f0478caa92a512e57b735aba978d0e/,nan
392,PyPI,2captcha-python,https://github.com/2captcha/2captcha-python/,https://github.com/2captcha/2captcha-python/
393,PyPI,2captcha-python-async,https://github.com/techinz/2captcha-python-async,https://github.com/techinz/2captcha-python-async
394,PyPI,2captcha-solver,https://pypi.org/project/2captcha-solver/,nan
395,PyPI,2ch-downloader,https://github.com/Layerex/2ch-downloader,https://github.com/Layerex/2ch-downloader
396,PyPI,2C.py,http://code.google.com/p/2c-python/,nan
397,PyPI,2d,https://pypi.org/project/2d/,nan
398,PyPI,2d2stl,nan,nan
399,PyPI,2d6io-cryptobot,https://github.com/cazantyl/2d6io-cryptobot,https://github.com/cazantyl/2d6io-cryptobot
400,PyPI,2D-cellular-automaton,https://pypi.org/project/2D-cellular-automaton/,nan
401,PyPI,2dcomboselector,https://pypi.org/project/2dcomboselector/,nan
402,PyPI,2dfly-manbanzhen,nan,nan
403,PyPI,2dgame,https://pypi.org/project/2dgame/,nan
404,PyPI,2DIFY,https://pypi.org/project/2DIFY/,nan
405,PyPI,2DMath,https://gitlab.com/ars2062/2dmath,https://gitlab.com/ars2062/2dmath
406,PyPI,2D-Panel-CFD,https://github.com/Fluidentity/2D_Panel-CFD,https://github.com/Fluidentity/2D_Panel-CFD
407,PyPI,2DRegEx-mwinters,nan,nan
408,PyPI,2dwavesim,https://github.com/cooperhatfield/2dwavesim,https://github.com/cooperhatfield/2dwavesim
409,PyPI,2dxPlay,https://github.com/camprevail/2dxPlay,https://github.com/camprevail/2dxPlay
410,PyPI,2fa,https://github.com/seiyanuta/2fa,https://github.com/seiyanuta/2fa
411,PyPI,2faqr,nan,nan
412,PyPI,2fas,https://pypi.org/project/2fas/,https://github.com/robinvandernoord/2fas-python
413,PyPI,2feeds,https://pypi.org/project/2feeds/,https://github.com/asif42/feed-reader
414,PyPI,2gis,https://github.com/svartalf/python-2gis,https://github.com/svartalf/python-2gis
415,PyPI,2hcord,https://github.com/2Historys/discore,https://github.com/2Historys/discore
416,PyPI,2ip,https://github.com/python-modules/2ip,https://github.com/python-modules/2ip
417,PyPI,2jjtt6cwa6,nan,nan
418,PyPI,2Keys,https://github.com/Gum-Joe/2Keys,https://github.com/Gum-Joe/2Keys
419,PyPI,2lazy2rest,https://pypi.org/project/2lazy2rest/,nan
420,PyPI,2m,https://pypi.org/project/2m/,nan
421,PyPI,2mp3,http://pypi.python.org/pypi/2mp3_v010/,nan
422,PyPI,2mp4,https://github.com/skonakov/2mp4.git,https://github.com/skonakov/2mp4.git
423,PyPI,2or3,https://github.com/thomasballinger/2or3,https://github.com/thomasballinger/2or3
424,PyPI,2ppy,https://github.com/tuProlog/2ppy,https://github.com/tuProlog/2ppy
425,PyPI,2print,nan,nan
426,PyPI,2rage-brain-games,https://pypi.org/project/2rage-brain-games/,nan
427,PyPI,2rage-py-challenges,https://pypi.org/project/2rage-py-challenges/,nan
428,PyPI,2to,https://pypi.org/project/2to/,nan
429,PyPI,2to3,https://pypi.org/project/2to3/,nan
430,PyPI,2us,https://github.com/strongrex2001/2us,https://github.com/strongrex2001/2us
431,PyPI,2vyper,http://www.pm.inf.ethz.ch/research/nagini.html,nan
432,PyPI,2wf90-assignment,https://pypi.org/project/2wf90-assignment/,nan
433,PyPI,2xh-leet,https://github.com/Tenchi2xh/leet,https://github.com/Tenchi2xh/leet
434,PyPI,3,https://abranhe.com,https://github.com/abranhe/3
435,PyPI,300,nan,nan
436,PyPI,3000,https://github.com/ishanoshada/,https://github.com/ishanoshada/
437,PyPI,3-04-2025-ttm,https://pypi.org/project/3-04-2025-ttm/,nan
438,PyPI,30627-CAIQ,https://pypi.org/project/30627-CAIQ/,nan
439,PyPI,30-days-of-pyai-helpers,nan,nan
440,PyPI,31,https://github.com/kavigupta/31,https://github.com/kavigupta/31
441,PyPI,3-1,nan,nan
442,PyPI,310,https://github.com/310-ai/lib310,https://github.com/310-ai/lib310
443,PyPI,310-notebook,https://github.com/pooriyapfn/jupyterlab_extension.git,https://github.com/pooriyapfn/jupyterlab_extension.git
444,PyPI,311devs_peewee,https://github.com/311devs/peewee,https://github.com/311devs/peewee
445,PyPI,31213231231,https://pypi.org/project/31213231231/,https://github.com/pypa/sampleproject/
446,PyPI,314,https://github.com/lqxnjk/314,https://github.com/lqxnjk/314
447,PyPI,321,https://pypi.org/project/321/,nan
448,PyPI,328first-distribution,nan,nan
449,PyPI,32blit,https://32blit.com,https://www.github.com/pimoroni/32blit-tools
450,PyPI,32word,https://pypi.org/project/32word/,nan
451,PyPI,3.3.0,nan,nan
452,PyPI,3301-calc,nan,nan
453,PyPI,333,https://github.com/lqxnjk/333,https://github.com/lqxnjk/333
454,PyPI,33joshbasiccalculator33,nan,nan
455,PyPI,33pdf,nan,nan
456,PyPI,34400-multimeter,nan,nan
457,PyPI,34pdf,nan,nan
458,PyPI,360blockscope,https://pypi.org/project/360blockscope/,nan
459,PyPI,360monitoringcli,https://github.com/plesk/360monitoring-cli,https://github.com/plesk/360monitoring-cli
460,PyPI,3636c788d0392f7e84453434eea18c59,https://pypi.org/project/3636c788d0392f7e84453434eea18c59/,nan
461,PyPI,365scores,https://github.com/kkristof200/py_365scores,https://github.com/kkristof200/py_365scores
462,PyPI,365sms,https://github.com/Herels2/365smsapi,https://github.com/Herels2
463,PyPI,36ban_commons,http://liluo.org,nan
464,PyPI,36-chambers,https://www.github.com/mgoffin/36-chambers,https://www.github.com/mgoffin/36-chambers
465,PyPI,36ke.py,nan,nan
466,PyPI,37austen,nan,nan
467,PyPI,386finalproject,https://pypi.org/project/386finalproject/,nan
468,PyPI,3890612457908641,https://i.cuhk.edu.cn,nan
469,PyPI,392304jk324nkkl,https://github.com/serhiilikh/python-ex1,https://github.com/serhiilikh/python-ex1
470,PyPI,3a-python-package-ligia,https://pypi.org/project/3a-python-package-ligia/,nan
471,PyPI,3b-bot,https://github.com/LeonShams/BestBuyBulletBot,https://github.com/LeonShams/BestBuyBulletBot
472,PyPI,3color-Press,nan,nan
473,PyPI,3d,https://pypi.org/project/3d/,nan
474,PyPI,3d_bin_container_packing,nan,nan
475,PyPI,3d-bin-packer,https://pypi.org/project/3d-bin-packer/,nan
476,PyPI,3d-camera-control,https://supermaker.ai/blog/qwen-image-multiple-angles-3d-camera-alibabas-breakthrough-in-ai-camera-control/,nan
477,PyPI,3d-connectX-env,https://github.com/youngeek-0410/3d-connectX-env,https://github.com/youngeek-0410/3d-connectX-env
478,PyPI,3d-converter,https://github.com/vorono4ka/3d-converter,https://github.com/vorono4ka/3d-converter
479,PyPI,3DCORE,https://github.com/ajefweiss/py3DCORE,https://github.com/ajefweiss/py3DCORE
480,PyPI,3d-dust-maps,https://github.com/Grapeknight/3d-dust-maps,https://github.com/Grapeknight/3d-dust-maps
481,PyPI,3debt,https://github.com/akoskaaa/3debt,https://github.com/akoskaaa/3debt
482,PyPI,3DeeCellTracker,https://pypi.org/project/3DeeCellTracker/,nan
483,PyPI,3DefficientNet,https://github.com/armin-azh/3DefficientNet,https://github.com/armin-azh/3DefficientNet
484,PyPI,3d-Engine,nan,nan
485,PyPI,3designs,https://pypi.org/project/3designs/,nan
486,PyPI,3DFin,https://pypi.org/project/3DFin/,https://github.com/3DFin/3DFin
487,PyPI,3Dfunctiongrapher,https://github.com/rtarvids/3D-Function-Grapher,https://github.com/rtarvids/3D-Function-Grapher
488,PyPI,3dgamemaker,nan,nan
489,PyPI,3D-GeneNet,nan,nan
490,PyPI,3dgs-edit-tools,https://github.com/404background/3dgs-edit-tools,https://github.com/404background/3dgs-edit-tools
491,PyPI,3dgs-reconstruction,nan,nan
492,PyPI,3Di-cmd-client,https://github.com/nens/3Di-cmd,https://github.com/nens/3Di-cmd
493,PyPI,3DJCG-3Dvisual-question-answering,https://github.com/buaacoder/3DJCG-3Dvisual-question-answering,https://github.com/buaacoder/3DJCG-3Dvisual-question-answering
494,PyPI,3dlibrary,https://github.com/kullaniciadi/3dlibrary,https://github.com/kullaniciadi/3dlibrary
495,PyPI,3dLitematica,https://pypi.org/project/3dLitematica/,https://github.com/MCRTD/3Dlitematica.git
496,PyPI,3D-MCMP-MRT-LBM,https://github.com/Amber1995/3D_MCMP_MRT_LBM,https://github.com/Amber1995/3D_MCMP_MRT_LBM
497,PyPI,3DModelXpress,https://pypi.org/project/3DModelXpress/,nan
498,PyPI,3dmviewer,https://github.com/AJAY-HaCkR/3dmviewer/,https://github.com/AJAY-HaCkR/3dmviewer/
499,PyPI,3dof-hexapod-ik-generator,https://github.com/macaquedev,https://github.com/macaquedev
500,PyPI,3d-packing,nan,nan
501,PyPI,3d-paws,https://pypi.org/project/3d-paws/,nan
502,PyPI,3D-polymer-solubility-calculator,https://pypi.org/project/3D-polymer-solubility-calculator/,nan
503,PyPI,3d-printer,https://github.com/ishanoshada/,https://github.com/ishanoshada/
504,PyPI,3D-RCNet,https://github.com/wanggynpuer/3D-RCNet,https://github.com/wanggynpuer/3D-RCNet
505,PyPI,3D-registration,https://pypi.org/project/3D-registration/,https://github.com/GuignardLab/registration-tools
506,PyPI,3d-renderer,https://github.com/HuangPatrick16777216/3d_renderer,https://github.com/HuangPatrick16777216/3d_renderer
507,PyPI,3dRenderPy,https://github.com/woes-lynne/3DRenderPy,https://github.com/woes-lynne/3DRenderPy
508,PyPI,3d-scan-xxp,nan,nan
509,PyPI,3dstrudel,https://pypi.org/project/3dstrudel/,nan
510,PyPI,3d-to-image,https://pypi.org/project/3d-to-image/,nan
511,PyPI,3dtrees-nbingo,https://github.com/nbingo/3dtrees,https://github.com/nbingo/3dtrees
512,PyPI,3DVG,nan,nan
513,PyPI,3d-video-converter,https://github.com/evoth/3d-video-converter,https://github.com/evoth/3d-video-converter
514,PyPI,3DViewer-Flask,https://github.com/alekssadowski95/3DViewer-Flask,https://github.com/alekssadowski95/3DViewer-Flask
515,PyPI,3DVision,nan,nan
516,PyPI,3d-wallet-generator,https://github.com/btcspry/3d-wallet-generator,https://github.com/btcspry/3d-wallet-generator
517,PyPI,3Edit,https://github.com/Lax125/renderer,https://github.com/Lax125/renderer
518,PyPI,3ETool,https://tinyurl.com/SERG-3ETool,https://github.com/SERGGroup/3ETool
519,PyPI,3flatline-cli,nan,nan
520,PyPI,3games,https://pypi.org/project/3games/,nan
521,PyPI,3gpp-citations,https://github.com/martisak/3gpp-citations,https://github.com/martisak/3gpp-citations
522,PyPI,3lc,https://pypi.org/project/3lc/,nan
523,PyPI,3lc-ultralytics,https://pypi.org/project/3lc-ultralytics/,nan
524,PyPI,3looyupd,https://github.com/3looybh/tools-downloader/,https://github.com/3looybh/tools-downloader/
525,PyPI,3lwg,nan,nan
526,PyPI,3m,https://pypi.org/project/3m/,nan
527,PyPI,3mensolutions-distribution,https://pypi.org/project/3mensolutions-distribution/,nan
528,PyPI,3ms,nan,nan
529,PyPI,3mtools,https://pypi.org/project/3mtools/,nan
530,PyPI,3mystic_cloud_client,nan,nan
531,PyPI,3mystic_common,nan,nan
532,PyPI,3p0,https://github.com/openmined/threepio,https://github.com/openmined/threepio
533,PyPI,3p-HRDevHelper-ida-plugin,https://pypi.org/project/3p-HRDevHelper-ida-plugin/,nan
534,PyPI,3ptest,https://pypi.org/project/3ptest/,nan
535,PyPI,3-py,https://github.com/excitoon/3,https://github.com/excitoon/3
536,PyPI,3-python-package-exercise-17,https://pypi.org/project/3-python-package-exercise-17/,nan
537,PyPI,3q,https://pypi.org/project/3q/,nan
538,PyPI,3robotics,https://github.com/3robotics/3robotics,https://github.com/3robotics/3robotics
539,PyPI,3scale-api,https://github.com/3scale-qe/3scale-api-python,https://github.com/3scale-qe/3scale-api-python
540,PyPI,3scale-api-crd,https://github.com/3scale-qe/3scale-api-python-crd,https://github.com/3scale-qe/3scale-api-python-crd
541,PyPI,3sdaq-news-cl,https://github.com/yourms,https://github.com/yourms
542,PyPI,3t,https://pypi.org/project/3t/,nan
543,PyPI,3tllibs,https://3tl.dev,nan
544,PyPI,3to2,http://www.startcodon.com/wordpress/?cat=8,nan
545,PyPI,3to2_py3k,http://www.startcodon.com/wordpress/?cat=8,nan
546,PyPI,3tokit,https://pypi.org/project/3tokit/,nan
547,PyPI,3way,https://github.com/FLOCK4H/Freeway,https://github.com/FLOCK4H/Freeway
548,PyPI,3wfund-data-find,nan,nan
549,PyPI,3xploit,https://github.com/ishanoshada/,https://github.com/ishanoshada/
550,PyPI,3xsd,https://github.com/zihuaye/3xsd,https://github.com/zihuaye/3xsd
551,PyPI,3y,https://pypi.org/project/3y/,nan
552,PyPI,4,nan,nan
553,PyPI,404-finder,https://pypi.org/project/404-finder/,nan
554,PyPI,404-optimistic-pkg-404-Not-Found,https://github.com/pypa/sampleproject,https://github.com/pypa/sampleproject
555,PyPI,40wt-common-tasks,https://github.com/svetlyak40wt/40wt-common-tasks,https://github.com/svetlyak40wt/40wt-common-tasks
556,PyPI,41datastructure,https://pypi.org/project/41datastructure/,nan
557,PyPI,42,https://pypi.org/project/42/,nan
558,PyPI,42cc-pystyle,https://github.com/akhavr/42cc-pystyle,https://github.com/akhavr/42cc-pystyle
559,PyPI,42di,https://42di.com,nan
560,PyPI,42formatter,https://github.com/Twatwane/42formatter,https://github.com/Twatwane/42formatter
561,PyPI,42Points,https://github.com/T0nyX1ang/42-Points-Game,https://github.com/T0nyX1ang/42-Points-Game
562,PyPI,42Porto-test-package,https://pypi.org/project/42Porto-test-package/,nan
563,PyPI,42qucc,http://42qu.cc/:help,nan
564,PyPI,42setup,https://pypi.org/project/42setup/,nan
565,PyPI,42-taskmaster,https://pypi.org/project/42-taskmaster/,nan
566,PyPI,42towels,https://pypi.org/project/42towels/,nan
567,PyPI,42ukim,nan,nan
568,PyPI,42ukimd08,nan,nan
569,PyPI,42ukimx2,nan,nan
570,PyPI,42videobricks-python-client,http://www.42videobricks.com,nan
571,PyPI,43242342342,https://pypi.org/project/43242342342/,https://github.com/pypa/sampleproject/
572,PyPI,437-project,https://github.com/tianakk/437-project,https://github.com/tianakk/437-project
573,PyPI,440-create-user,https://pypi.org/project/440-create-user/,nan
574,PyPI,4711,https://github.com/kalaspuff/4711,https://github.com/kalaspuff/4711
575,PyPI,4996,https://github.com/theoldfather/time-series,https://github.com/theoldfather/time-series
576,PyPI,49p,nan,nan
577,PyPI,4cast-awi-package,https://pypi.org/project/4cast-awi-package/,nan
578,PyPI,4cast-package,https://pypi.org/project/4cast-package/,nan
579,PyPI,4cdl,https://github.com/tuananhlam/4cdl,https://github.com/tuananhlam/4cdl
580,PyPI,4ch,https://github.com/sysr-q/4ch,https://github.com/sysr-q/4ch
581,PyPI,4chan,https://github.com/AnthonyBloomer/chan,https://github.com/AnthonyBloomer/chan
582,PyPI,4chan-biz-mentions,https://boards.4channel.org/biz/catalog,nan
583,PyPI,4chandownloader,https://github.com/toxinu/4chandownloader,https://github.com/toxinu/4chandownloader
584,PyPI,4channel,https://github.com/fatalhalt/fourchannel,https://github.com/fatalhalt/fourchannel
585,PyPI,4chan.py,https://github.com/scrazzz/4chan.py,https://github.com/scrazzz/4chan.py
586,PyPI,4codesdk-pkg,https://github.com/4ngry-GitHub,https://github.com/4ngry-GitHub
587,PyPI,4DCANAS,https://github.com/6x-u/4DCANAS,https://github.com/6x-u/4DCANAS.git
588,PyPI,4dfpy,nan,nan
589,PyPI,4dfpy-washu-seal,nan,nan
590,PyPI,4dgb-workflow,https://github.com/4dgb/4DGBWorkflow,https://github.com/4dgb/4DGBWorkflow
591,PyPI,4dpyautodiff,https://github.com/cs107-JTGC/cs107-FinalProject,https://github.com/cs107-JTGC/cs107-FinalProject
592,PyPI,4d-radar,https://pypi.org/project/4d-radar/,nan
593,PyPI,4fun,https://pypi.org/project/4fun/,nan
594,PyPI,4Geometric,https://pypi.org/project/4Geometric/,nan
595,PyPI,4-g-specs-sdk,https://pypi.org/project/4-g-specs-sdk/,nan
596,PyPI,4i-framework,https://pypi.org/project/4i-framework/,nan
597,PyPI,4in,https://github.com/qu6zhi/4in,https://github.com/qu6zhi/4in
598,PyPI,4koodi,nan,nan
599,PyPI,4logik-python-rest-client,https://www.4logik.com/,nan
600,PyPI,4nf,nan,nan
601,PyPI,4nil0cin,https://pypi.org/project/4nil0cin/,nan
602,PyPI,4quila,https://pypi.org/project/4quila/,nan
603,PyPI,4scanner,https://github.com/Lacsap-/4scanner,https://github.com/Lacsap-/4scanner
604,PyPI,4SFwD,https://https://github.com/rickylee318/sf_with_determinants,https://https://github.com/rickylee318/sf_with_determinants
605,PyPI,4Suite,http://www.4suite.org,nan
606,PyPI,4Suite-XML,http://4suite.org/,nan
607,PyPI,4th-ir-ai-models,https://pypi.org/project/4th-ir-ai-models/,nan
608,PyPI,4tlantic,https://roadtrip.io,nan
609,PyPI,4to5,https://pypi.org/project/4to5/,nan
610,PyPI,4White9264-CoReader,nan,nan
611,PyPI,5,nan,nan
612,PyPI,5090-distributions,https://pypi.org/project/5090-distributions/,nan
613,PyPI,5091SimpleCalculator7180,https://pypi.org/project/5091SimpleCalculator7180/,nan
614,PyPI,51degrees-mobile-detector,http://51degrees.com,nan
615,PyPI,51degrees-mobile-detector-lite-pattern-wrapper,http://51degrees.mobi,nan
616,PyPI,51degrees-mobile-detector-trie-wrapper,http://51degrees.mobi,nan
617,PyPI,51degrees-mobile-detector-v3-trie-wrapper,http://51degrees.com,nan
618,PyPI,51degrees-mobile-detector-v3-wrapper,http://51degrees.com,nan
619,PyPI,51job-autotest-framework,nan,nan
620,PyPI,51PubModules,http://docs.51pub.cn/python/opmodules,nan
621,PyPI,51pub_pymodules,http://docs.51pub.cn/python/51pub_pymodules,nan
622,PyPI,51spiders,https://github.com/,https://github.com/
623,PyPI,51tracking,https://www.51tracking.com/v4/api-index/API-,https://github.com/51tracking/51tracking-sdk-python
624,PyPI,520,https://github.com/username/wu.git,https://github.com/username/wu.git
625,PyPI,524,https://pypi.org/project/524/,nan
626,PyPI,533testgawain,https://github.com/khalad-hasan/myMileConverter,https://github.com/khalad-hasan/myMileConverter
627,PyPI,5345345345345345,https://pypi.org/project/5345345345345345/,nan
628,PyPI,546lkji,https://github.com/klavna/testoutput/new/main,https://github.com/klavna/testoutput/new/main
629,PyPI,564bff00ff-strawberry-graphql,https://strawberry.rocks/,https://github.com/strawberry-graphql/strawberry
630,PyPI,56kyle-pychess,https://github.com/56kyle/pychess,https://github.com/56kyle/pychess
631,PyPI,574d,https://pypi.org/project/574d/,https://github.com/XxFULLDLCxX/WM
632,PyPI,58,https://github.com/yanjlee/58,https://github.com/yanjlee/58
633,PyPI,59chat,https://github.com/yourusername/59chat,https://github.com/yourusername/59chat
634,PyPI,5an,https://github.com/qu6zhi/5an,https://github.com/qu6zhi/5an
635,PyPI,5dee,https://github.com/8gratitude8/5dee,https://github.com/8gratitude8/5dee
636,PyPI,5-exercise-upload-to-pypi,https://pypi.org/project/5-exercise-upload-to-pypi/,nan
637,PyPI,5G,https://github.com/ishanoshada/,https://github.com/ishanoshada/
638,PyPI,5gasp-cli,https://github.com/5gasp/5gasp-cli,https://github.com/5gasp/5gasp-cli
639,PyPI,5g-core-common-schemas,https://pypi.org/project/5g-core-common-schemas/,nan
640,PyPI,5kodds-distribution,https://pypi.org/project/5kodds-distribution/,nan
641,PyPI,5minute,https://github.com/SatelliteQE/5minute,https://github.com/SatelliteQE/5minute
642,PyPI,5o4drel5mk,nan,nan
643,PyPI,5paisa-modular,https://pypi.org/project/5paisa-modular/,nan
644,PyPI,5-Rakoto031-upload-to-pypi,https://pypi.org/project/5-Rakoto031-upload-to-pypi/,nan
645,PyPI,5-Stars-Contact-Book,https://pypi.org/project/5-Stars-Contact-Book/,nan
646,PyPI,5thSemLab,nan,nan
647,PyPI,5x-aws-athena-auth-manager,https://github.com/5x-Platform/5x-nextgen-python-libraries.git,https://github.com/5x-Platform/5x-nextgen-python-libraries.git
648,PyPI,5x-google-bigquery-auth-manager,https://github.com/5x-Platform/5x-nextgen-python-libraries.git,https://github.com/5x-Platform/5x-nextgen-python-libraries.git
649,PyPI,5x-postgresql-auth-manager,https://github.com/your-org/5x-postgresql-auth-manager,https://github.com/your-org/5x-postgresql-auth-manager
650,PyPI,5x-redshift-auth-manager,https://github.com/5x-Platform/5x-nextgen-python-libraries.git,https://github.com/5x-Platform/5x-nextgen-python-libraries.git
651,PyPI,5x-streamlit-session-manager,https://github.com/5X-nextgen-customer-repo-prod/streamlit_session_manager.gitc,https://github.com/5X-nextgen-customer-repo-prod/streamlit_session_manager.gitc
652,PyPI,6,https://pypi.org/project/6/,nan
653,PyPI,61bo,nan,nan
654,PyPI,64,https://pypi.org/project/64/,nan
655,PyPI,650-auto-comp-jaewon,https://github.com/jaewony/650-auto-complete-jaewon.git,https://github.com/jaewony/650-auto-complete-jaewon.git
656,PyPI,652ga,nan,nan
657,PyPI,666,https://pypi.org/project/666/,nan
658,PyPI,667bot,https://bot.aerozoff.com,nan
659,PyPI,69,http://github.com/cooperlees/69,http://github.com/cooperlees/69
660,PyPI,6D657461666C6F77,https://pypi.org/project/6D657461666C6F77/,nan
661,PyPI,6du.tv,https://github.com/6du-tv/6du-tv,https://github.com/6du-tv/6du-tv
662,PyPI,6estates-idp,https://github.com/6estates/idp-python,https://github.com/6estates/idp-python
663,PyPI,6-rosdep,https://github.com/6-robot/6-rosdep,https://github.com/6-robot/6-rosdep
664,PyPI,6s-bin,https://github.com/brianschubert/6s-bin,https://github.com/brianschubert/6s-bin
665,PyPI,6th-Form-Functions,https://pypi.org/project/6th-Form-Functions/,nan
666,PyPI,6w,https://pypi.org/project/6w/,nan
667,PyPI,6x,https://pypi.org/project/6x/,nan
668,PyPI,6y,https://pypi.org/project/6y/,nan
669,PyPI,6z,https://pypi.org/project/6z/,nan
670,PyPI,7,https://abranhe.com,https://github.com/abranhe/7
671,PyPI,73e4d8e848405a88f444cff1c9dbc5b8,https://pypi.org/project/73e4d8e848405a88f444cff1c9dbc5b8/,nan
672,PyPI,73.portlet.links,nan,nan
673,PyPI,73.unlockItems,nan,nan
674,PyPI,77,https://pypi.org/project/77/,nan
675,PyPI,770,https://github.com/vChimera/770,https://github.com/vChimera/770
676,PyPI,77file-downloader,https://pypi.org/project/77file-downloader/,nan
677,PyPI,77mr,https://github.com/linrol/mr,https://github.com/linrol/mr
678,PyPI,77-MyFirst-7HW7-Library-77,https://pypi.org/project/77-MyFirst-7HW7-Library-77/,nan
679,PyPI,77-MyFirst-HW-Library-77,https://pypi.org/project/77-MyFirst-HW-Library-77/,nan
680,PyPI,77-MyFirst-HW-Library-77-2025,https://pypi.org/project/77-MyFirst-HW-Library-77-2025/,nan
681,PyPI,77-MyFirst-HwWo-Lib-77-2025,https://pypi.org/project/77-MyFirst-HwWo-Lib-77-2025/,nan
682,PyPI,77-MyFirst-HwWo-Lib-77-2025-11-8,https://pypi.org/project/77-MyFirst-HwWo-Lib-77-2025-11-8/,nan
683,PyPI,77tool,https://github.com/linrol/77tool,https://github.com/linrol/77tool
684,PyPI,7945db,https://pypi.org/project/7945db/,https://github.com/sbusiedcake7945/7945db-py
685,PyPI,7asiba,https://pypi.org/project/7asiba/,nan
686,PyPI,7bridges,https://pypi.org/project/7bridges,nan
687,PyPI,7d-demand-bundles,https://pypi.org/project/7d-demand-bundles/,nan
688,PyPI,7i96,https://github.com/jethornton/7i96,https://github.com/jethornton/7i96
689,PyPI,7lk_ocr_deploy,http://blog.useasp.net/,nan
690,PyPI,7Luckys-Marcos-hervas,https://pypi.org/project/7Luckys-Marcos-hervas/,nan
691,PyPI,7pack,https://github.com/Nv7-GitHub/7pack_Code,https://github.com/Nv7-GitHub/7pack_Code
692,PyPI,7Q_nester,nan,nan
693,PyPI,7rb,https://pypi.org/project/7rb/,nan
694,PyPI,7san,nan,nan
695,PyPI,7seg-ByteBird,https://github.com/samedamci/7seg-ByteBird,https://github.com/samedamci/7seg-ByteBird
696,PyPI,7th,nan,nan
697,PyPI,7uring,https://github.com/karthikuj/7uring,https://github.com/karthikuj/7uring
698,PyPI,7Wonder-RL-Lib,https://pypi.org/project/7Wonder-RL-Lib/,nan
699,PyPI,7xydothis,https://github.com/frkb/7xydothis,https://github.com/frkb/7xydothis
700,PyPI,8,https://pypi.org/project/8/,nan
701,PyPI,8000-cherry-mcp,https://pypi.org/project/8000-cherry-mcp/,nan
702,PyPI,80un,https://pypi.org/project/80un/,https://github.com/avwohl/80un
703,PyPI,83-numbers,https://pypi.org/project/83-numbers/,nan
704,PyPI,88,https://github.com/username/wu.git,https://github.com/username/wu.git
705,PyPI,888,https://github.com/username/wu.git,https://github.com/username/wu.git
706,PyPI,88AB6720D79B4CBD93CAB7180920D89C,https://pypi.org/project/88AB6720D79B4CBD93CAB7180920D89C/,nan
707,PyPI,88orm,http://pypi.python.org/pypi/88orm/,nan
708,PyPI,88orm-service-connector,http://pypi.python.org/pypi/88orm-service-connector/,nan
709,PyPI,88rest,http://pypi.python.org/pypi/88rest/,nan
710,PyPI,8a-scraper,https://github.com/vishaalagartha/8a_scraper,https://github.com/vishaalagartha/8a_scraper
711,PyPI,8ball-cole-wilson-pycon-demo,https://github.com,https://github.com
712,PyPI,8ball-pycon-demo,https://github.com/,https://github.com/
713,PyPI,8ball-pycon-demo-cole-wilson,https://github.com,https://github.com
714,PyPI,8bit-music-lib,https://github.com/neutrino-dot/8bit-music-lib,https://github.com/neutrino-dot/8bit-music-lib
715,PyPI,8EXBYPINA,nan,nan
716,PyPI,8plan,https://github.com/Cache-Cloud/FOVBPSK-Kutina,https://github.com/Cache-Cloud/FOVBPSK-Kutina
717,PyPI,8puzz,https://pypi.org/project/8puzz/,nan
718,PyPI,8q,https://pypi.org/project/8q/,nan
719,PyPI,8qe,https://pypi.org/project/8qe/,nan
720,PyPI,8x-esystem-app-drivers-location-api-python-sdk,https://pypi.org/project/8x-esystem-app-drivers-location-api-python-sdk/,nan
721,PyPI,8x-esystem-reports-data-warehouse-api-python-sdk,https://pypi.org/project/8x-esystem-reports-data-warehouse-api-python-sdk/,nan
722,PyPI,9,https://pypi.org/project/9/,nan
723,PyPI,908dist,http://www.shaokelv.163.com,nan
724,PyPI,918e457f0449dd253acb8650ffaa523bdc38ad5c81d4534130bf003b8cad2713,nan,nan
725,PyPI,91act-platform,https://github.com/PepperPapa/xinNotes,https://github.com/PepperPapa/xinNotes
726,PyPI,91life-ds-lib,https://pypi.org/project/91life-ds-lib/,https://github.com/91life/91life-ds-lib
727,PyPI,91tvspider,nan,nan
728,PyPI,99,https://github.com/username/wu.git,https://github.com/username/wu.git
729,PyPI,999,https://github.com/username/wu.git,https://github.com/username/wu.git
730,PyPI,999tls-client,https://pypi.org/project/999tls-client/,https://github.com/999Samurai/tls-client
731,PyPI,99d4aa80-d846-424f-873b-a02c7215fc54,https://github.com/Code0x58/99d4aa80-d846-424f-873b-a02c7215fc54,https://github.com/Code0x58/99d4aa80-d846-424f-873b-a02c7215fc54
732,PyPI,9eq,https://github.com/clxrityy/9eq,https://github.com/clxrityy/9eq
733,PyPI,9gag-scraper,https://pypi.org/project/9gag-scraper/,nan
734,PyPI,9ja,https://pypi.org/project/9ja/,nan
735,PyPI,9mice,https://pypi.org/project/9mice/,nan
736,PyPI,9oelm-manim-voiceover,nan,nan
737,PyPI,9x,https://pypi.org/project/9x/,nan
738,PyPI,a,http://www.python.org/sigs/distutils-sig/,nan
739,PyPI,a003558,https://pypi.org/project/a003558/,https://github.com/bramdhontsr/A003558-universal-clock
740,PyPI,a007,https://github.com/yourusername/a007,https://github.com/yourusername/a007
741,PyPI,a00k5pgrtn,nan,nan
742,PyPI,a02-monitoring,https://github.com/hgzech/a02_monitoring,https://github.com/hgzech/a02_monitoring
743,PyPI,a0_baas_sdk,https://pypi.org/project/a0_baas_sdk/,nan
744,PyPI,a10ctl,https://github.com/tarunlalwani/a10ctl.git,https://github.com/tarunlalwani/a10ctl.git
745,PyPI,a10-horizon,https://github.com/a10networks/a10-horizon,https://github.com/a10networks/a10-horizon
746,PyPI,a10-neutronclient,https://github.com/a10networks/a10-neutronclient,https://github.com/a10networks/a10-neutronclient
747,PyPI,a10-neutron-lbaas,https://github.com/a10networks/a10-neutron-lbaas,https://github.com/a10networks/a10-neutron-lbaas
748,PyPI,a10-nlbaas2oct,https://pypi.org/project/a10-nlbaas2oct/,nan
749,PyPI,a10-octavia,https://github.com/a10networks/a10-octavia,https://github.com/a10networks/a10-octavia
750,PyPI,a10-openstack-lbaas,https://github.com/a10networks/a10-openstack-lbaas,https://github.com/a10networks/a10-openstack-lbaas
751,PyPI,a10-openstack-lib,https://github.com/a10networks/a10-openstack-lib,https://github.com/a10networks/a10-openstack-lib
752,PyPI,a10sa-script,https://pypi.org/project/a10sa-script/,nan
753,PyPI,a10sdk,https://github.com/a10networks/a10sdk-python,https://github.com/a10networks/a10sdk-python
754,PyPI,a11y-checker,https://pypi.org/project/a11y-checker/,nan
755,PyPI,a11y-mcp,https://pypi.org/project/a11y-mcp/,https://github.com/antonio-rmrz/a11y-mcp
756,PyPI,a123-1,nan,nan
757,PyPI,a123a,nan,nan
758,PyPI,a12rta,https://pypi.org/project/a12rta/,nan
759,PyPI,a13e,https://pypi.org/project/a13e/,nan
760,PyPI,a13x-depinj,https://github.com/a13xhv01/a13x-depinj.git,https://github.com/a13xhv01/a13x-depinj.git
761,PyPI,a155testPackage,https://pypi.org/project/a155testPackage/,nan
762,PyPI,a16z,https://pypi.org/project/a16z/,nan
763,PyPI,a1-compiler,https://pypi.org/project/a1-compiler/,nan
764,PyPI,a1facts,https://pypi.org/project/a1facts/,nan
765,PyPI,a1labs,https://pypi.org/project/a1labs/,nan
766,PyPI,a1_loggermanager,https://pypi.org/project/a1_loggermanager/,nan
767,PyPI,a1-notation,https://pypi.org/project/a1-notation/,https://github.com/brooketalcott/a1_notation
768,PyPI,A1nzz-serializer,https://github.com/A1nzz/Python-Labs/tree/Lab3,https://github.com/A1nzz/Python-Labs/tree/Lab3
769,PyPI,a1pamfax,http://github.com/bufemc/a1pamfax/,http://github.com/bufemc/a1pamfax/
770,PyPI,a1-sqladb-a1ptfl,https://pypi.org/project/a1-sqladb-a1ptfl/,nan
771,PyPI,a2,https://pypi.org/project/a2/,nan
772,PyPI,a20,https://pypi.org/project/a20/,nan
773,PyPI,A20200811_05,https://pypi.org/project/A20200811_05/,nan
774,PyPI,a21e,https://pypi.org/project/a21e/,nan
775,PyPI,a28,https://pypi.org/project/a28/,nan
776,PyPI,a2a,https://github.com/kshitijcode/a2a,https://github.com/kshitijcode/a2a
777,PyPI,a2a-acl,https://pypi.org/project/a2a-acl/,nan
778,PyPI,a2a-adapter,https://pypi.org/project/a2a-adapter/,https://github.com/hybroai/a2a-adapter
779,PyPI,a2a-agent-mcpserver-generator,https://pypi.org/project/a2a-agent-mcpserver-generator/,nan
780,PyPI,a2a-agentspeak,https://pypi.org/project/a2a-agentspeak/,nan
781,PyPI,a2abase,https://pypi.org/project/a2abase/,https://github.com/A2ABaseAI/sdks
782,PyPI,a2abase-cli,https://pypi.org/project/a2abase-cli/,https://github.com/A2ABaseAI/sdks
783,PyPI,a2abase-sdk,https://pypi.org/project/a2abase-sdk/,https://github.com/A2ABaseAI/sdks.git
784,PyPI,a2a-cli,https://pypi.org/project/a2a-cli/,nan
785,PyPI,a2aclient,https://pypi.org/project/a2aclient/,https://github.com/whillhill/a2aclient
786,PyPI,a2a-client-172ai,https://github.com/172ai/a2a-client-python,https://github.com/172ai/a2a-client-python
787,PyPI,a2a-client-handler,https://pypi.org/project/a2a-client-handler/,nan
788,PyPI,a2a-client-toolkit,https://pypi.org/project/a2a-client-toolkit/,https://github.com/ryukez/a2a-client-toolkit
789,PyPI,a2aflow,https://pypi.org/project/a2aflow/,nan
790,PyPI,a2a-handler,https://pypi.org/project/a2a-handler/,https://github.com/alDuncanson/handler
791,PyPI,a2ahub,https://pypi.org/project/a2ahub/,https://github.com/whillhill/a2ahub
792,PyPI,a2a-inspector,https://pypi.org/project/a2a-inspector/,nan
793,PyPI,a2a-json-rpc,https://pypi.org/project/a2a-json-rpc/,nan
794,PyPI,a2a-llm-tracker,https://pypi.org/project/a2a-llm-tracker/,nan
795,PyPI,a2a-mcp,https://pypi.org/project/a2a-mcp/,https://github.com/KhulnaSoft-Lab/a2a-mcp.git
796,PyPI,a2amcp-sdk,https://github.com/webdevtodayjason/A2AMCP,https://github.com/webdevtodayjason/A2AMCP
797,PyPI,a2a-mcp-server,https://pypi.org/project/a2a-mcp-server/,https://github.com/GongRzhe/A2A-MCP-Server
798,PyPI,a2a-min,https://pypi.org/project/a2a-min/,nan
799,PyPI,a2anet,https://pypi.org/project/a2anet/,https://github.com/A2ANet/A2ANetPython
800,PyPI,a2anet-mcp,https://pypi.org/project/a2anet-mcp/,https://github.com/A2ANet/a2a-mcp
801,PyPI,a2a-openai-agents,https://pypi.org/project/a2a-openai-agents/,https://github.com/prassanna-ravishankar/a2a-openai-agents
802,PyPI,a2apay,https://github.com/DwirefS/a2a_payments_framework,https://github.com/DwirefS/a2a_payments_framework
803,PyPI,a2a-protocol,https://pypi.org/project/a2a-protocol/,nan
804,PyPI,a2a-proxy-server,https://pypi.org/project/a2a-proxy-server/,nan
805,PyPI,a2a-python,https://github.com/lukehinds/a2a-python,https://github.com/lukehinds/a2a-python
806,PyPI,a2a-python-sdk,https://pypi.org/project/a2a-python-sdk/,nan
807,PyPI,a2a-redis,https://pypi.org/project/a2a-redis/,https://github.com/redis-developer/a2a-redis
808,PyPI,a2a-registry,https://pypi.org/project/a2a-registry/,https://github.com/allenday/a2a-registry
809,PyPI,a2a-registry-client,https://pypi.org/project/a2a-registry-client/,https://github.com/prassanna-ravishankar/a2a-registry
810,PyPI,a2a-reg-sdk,https://github.com/a2areg/a2a-registry,https://github.com/a2areg/a2a-registry
811,PyPI,a2as,https://pypi.org/project/a2as/,nan
812,PyPI,a2a-schemas,https://pypi.org/project/a2a-schemas/,nan
813,PyPI,a2a-sdk,https://pypi.org/project/a2a-sdk/,nan
814,PyPI,a2a-server,https://pypi.org/project/a2a-server/,nan
815,PyPI,a2a-session-manager,https://pypi.org/project/a2a-session-manager/,nan
816,PyPI,a2a-sigstore,https://pypi.org/project/a2a-sigstore/,nan
817,PyPI,a2astore,https://pypi.org/project/a2astore/,https://github.com/whillhill/a2astore
818,PyPI,a2a-types,https://pypi.org/project/a2a-types/,nan
819,PyPI,a2b,https://github.com/kevinkevin556/a2b,https://github.com/kevinkevin556/a2b
820,PyPI,a2c-ase,https://pypi.org/project/a2c-ase/,nan
821,PyPI,a2cli,https://pypi.org/project/a2cli/,https://github.com/ttware/aii
822,PyPI,a2conf,https://github.com/yaroslaff/a2conf,https://github.com/yaroslaff/a2conf
823,PyPI,a2conn,https://pypi.org/project/a2conn/,nan
824,PyPI,a2connect,https://pypi.org/project/a2connect/,nan
825,PyPI,a2c-smcp,https://pypi.org/project/a2c-smcp/,nan
826,PyPI,a2d,https://github.com/scrazzz/a2d,https://github.com/scrazzz/a2d
827,PyPI,a2d_diary,https://a2d-diary.netlify.com,nan
828,PyPI,a2dl,https://tigabeatz.net,nan
829,PyPI,a2dr,https://github.com/cvxgrp/a2dr,https://github.com/cvxgrp/a2dr
830,PyPI,a2f-client,https://pypi.org/project/a2f-client/,nan
831,PyPI,A2G,https://github.com/jshleap/A2G,https://github.com/jshleap/A2G
832,PyPI,a2gpipelines,https://pypi.org/project/a2gpipelines/,nan
833,PyPI,a2grunnerp,https://pypi.org/project/a2grunnerp/,nan
834,PyPI,a2h,https://github.com/pycontribs/a2h,https://github.com/pycontribs/a2h
835,PyPI,a2jpg,https://github.com/tony92151/a2jpg,https://github.com/tony92151/a2jpg
836,PyPI,A2KA,https://github.com/Dsadd4/NLSExplorer_1.0/,https://github.com/Dsadd4/NLSExplorer_1.0/
837,PyPI,a2km,https://pypi.org/project/a2km/,https://github.com/minrk/a2km
838,PyPI,a2-legacy-launcher,https://pypi.org/project/a2-legacy-launcher/,nan
839,PyPI,a2lmodel,https://pypi.org/project/a2lmodel/,https://github.com/sgnes/PyA2lModel
840,PyPI,a2ln,https://pypi.org/project/a2ln/,https://github.com/patri9ck/a2ln-server
841,PyPI,a2m.itertools,https://github.com/alexmalykh/a2m.itertools,https://github.com/alexmalykh/a2m.itertools
842,PyPI,a2ml,https://a2ml.org,nan
843,PyPI,a2od,https://github.com/yfe404/anki2orgdrill,https://github.com/yfe404/anki2orgdrill
844,PyPI,a2one,https://github.com/thalaivar96/,https://github.com/thalaivar96/
845,PyPI,a2p,https://pypi.org/project/a2p/,https://github.com/tkp-aliases/a2p
846,PyPI,a2p2,https://pypi.org/project/a2p2/,https://github.com/JMMC-OpenDev/a2p2
847,PyPI,a2pcej,https://pypi.org/project/a2pcej/,https://github.com/kacchan822/a2pcej
848,PyPI,a2perf,https://pypi.org/project/a2perf/,https://github.com/Farama-Foundation/A2Perf
849,PyPI,a2pm,https://github.com/vitorinojoao/a2pm,https://github.com/vitorinojoao/a2pm
850,PyPI,a2py,https://pypi.org/project/a2py/,https://github.com/ttware/aii
851,PyPI,a2r,https://pypi.org/project/a2r/,nan
852,PyPI,a2rl,https://github.com/awslabs/amazon-accessible-rl-sdk/,https://github.com/awslabs/amazon-accessible-rl-sdk/
853,PyPI,a2rpc,https://pypi.org/project/a2rpc/,nan
854,PyPI,a2s,https://github.com/plter/a2s,https://github.com/plter/a2s
855,PyPI,a2squery,https://github.com/linKhehe/a2squery,https://github.com/linKhehe/a2squery
856,PyPI,a2sv,https://github.com/Bhai4You/,https://github.com/Bhai4You/
857,PyPI,a2svm,https://github.com/cypx/a2svm,https://github.com/cypx/a2svm
858,PyPI,a2t,https://github.com/osainz59/Ask2Transformers,https://github.com/osainz59/Ask2Transformers
859,PyPI,a2u,https://pypi.org/project/a2u/,nan
860,PyPI,a2ui-pydantic,https://pypi.org/project/a2ui-pydantic/,nan
861,PyPI,a2utils,https://github.com/yaroslaff/a2utils,https://github.com/yaroslaff/a2utils
862,PyPI,a2w,https://github.com/ssbarnea/a2w,https://github.com/ssbarnea/a2w
863,PyPI,a2woz,https://github.com/adafruit/a2woz,https://github.com/adafruit/a2woz
864,PyPI,a2wsgi,https://pypi.org/project/a2wsgi/,nan
865,PyPI,a2y,http://www.sorobust.com/a2y/a2y.html,nan
866,PyPI,a2y-ats,http://www.kersci.com/a2y/ats.html,nan
867,PyPI,a2y-atsui,http://www.kersci.com/a2y/atsui.html,nan
868,PyPI,a2y-builda2y,http://www.kersci.com/a2y/builda2y.html,nan
869,PyPI,a2y-cppyy,http://www.sorobust.com/a2y/cppyy.html,nan
870,PyPI,a2y-cv,http://www.kersci.com/a2y/cv.html,nan
871,PyPI,a2y-fa,http://www.sorobust.com/a2y/fa.html,nan
872,PyPI,a2y-fef,http://www.sorobust.com/a2y/fef.html,nan
873,PyPI,a2y-handy,http://www.kersci.com/a2y/handy.html,nan
874,PyPI,a2y-hengchangsheng,http://www.kersci.com/a2y/hengchangsheng.html,nan
875,PyPI,a2y-hidcom,http://www.sorobust.com/a2y/hidcom.html,nan
876,PyPI,a2y-huazhuang,http://www.sorobust.com/a2y/huazhuang.html,nan
877,PyPI,a2y-i18n,http://www.kersci.com/a2y/i18n.html,nan
878,PyPI,a2y-inst,http://www.kersci.com/a2y/inst.html,nan
879,PyPI,a2y-kcom,http://www.kersci.com/a2y/kcom.html,nan
880,PyPI,a2y-matplot,http://www.sorobust.com/a2y/matplot.html,nan
881,PyPI,a2y-mew,http://www.kersci.com/a2y/mew.html,nan
882,PyPI,a2y-modbus,http://www.sorobust.com/a2y/modbus.html,nan
883,PyPI,a2y-paratree,http://www.kersci.com/a2y/paratree.html,nan
884,PyPI,a2y-paratreeui,http://www.sorobust.com/a2y/paratreeui.html,nan
885,PyPI,a2y-smartray,http://www.sorobust.com/a2y/smartray.html,nan
886,PyPI,a2y-sql,http://www.sorobust.com/a2y/sql.html,nan
887,PyPI,a2y-testparameters,http://www.sorobust.com/a2y/testparameters.html,nan
888,PyPI,a2y-touch,http://www.sorobust.com/a2y/touch.html,nan
889,PyPI,a2y-touchui,http://www.sorobust.com/a2y/touchui.html,nan
890,PyPI,a2y-ttdg,http://www.sorobust.com/a2y/ttdg.html,nan
891,PyPI,a2y-wxctrls,http://www.kersci.com/a2y/wxctrls.html,nan
892,PyPI,a2y-wxcv,http://www.kersci.com/a2y/wxcv.html,nan
893,PyPI,a2y-wxtools,http://www.kersci.com/a2y/wxtools.html,nan
894,PyPI,a3,https://pypi.org/project/a3/,https://github.com/Nickm1128/A3
895,PyPI,a313,https://pypi.org/project/a313/,nan
896,PyPI,a360-python-libraries,https://pypi.org/project/a360-python-libraries/,nan
897,PyPI,a38,https://github.com/Truelite/python-a38/,https://github.com/Truelite/python-a38/
898,PyPI,a38-decimal,https://github.com/gianpieropa/python-a38,https://github.com/gianpieropa/python-a38
899,PyPI,a3a3-dictionary,https://pypi.org/project/a3a3-dictionary/,nan
900,PyPI,a3b2bbc3ced97675ac3a71df45f55ba,https://gitlab.com/hepcedar/lhapdf/,https://gitlab.com/hepcedar/lhapdf/
901,PyPI,a3consul,https://pypi.org/project/a3consul/,https://github.com/three-kinds/a3consul
902,PyPI,a3cosmos,https://sites.google.com/view/a3cosmos,nan
903,PyPI,a3cosmos-gas-evolution,https://sites.google.com/view/a3cosmos,https://github.com/1054/a3cosmos-gas-evolution
904,PyPI,a3d-cli,https://pypi.org/project/a3d-cli/,nan
905,PyPI,a3ddddocr-client,https://github.com/three-kinds/a3ddddocr-client,https://github.com/three-kinds/a3ddddocr-client
906,PyPI,a3dgamemaker,https://pypi.org/project/a3dgamemaker/,nan
907,PyPI,a3dj,https://gitee.com/three-kinds/a3dj,https://gitee.com/three-kinds/a3dj
908,PyPI,a3em,https://github.com/vu-a3em/a3em-dashboard,https://github.com/vu-a3em/a3em-dashboard
909,PyPI,a3exception,https://pypi.org/project/a3exception/,https://github.com/three-kinds/a3exception
910,PyPI,a3faker,https://gitee.com/three-kinds/a3faker,https://gitee.com/three-kinds/a3faker
911,PyPI,a3grpc,https://pypi.org/project/a3grpc/,https://github.com/three-kinds/a3grpc
912,PyPI,a3json-struct,https://pypi.org/project/a3json-struct/,https://github.com/three-kinds/a3json-struct
913,PyPI,a3kazoo,https://github.com/three-kinds/a3kazoo,https://github.com/three-kinds/a3kazoo
914,PyPI,a3m,https://pypi.org/project/a3m/,nan
915,PyPI,a3mcat,https://pypi.org/project/a3mcat/,https://github.com/jacksonh1/a3mcat
916,PyPI,A3MIO,https://github.com/sseemayer/BioPython-A3MIO,https://github.com/sseemayer/BioPython-A3MIO
917,PyPI,a3mongo,https://pypi.org/project/a3mongo/,https://github.com/three-kinds/a3mongo
918,PyPI,a3mtools,https://pypi.org/project/a3mtools/,https://github.com/jacksonh1/a3mtools
919,PyPI,a3py,https://pypi.org/project/a3py/,https://github.com/three-kinds/a3py
920,PyPI,a3redis,https://pypi.org/project/a3redis/,https://github.com/three-kinds/a3redis
921,PyPI,a3rt-sdk-py,https://a3rt.recruit-tech.co.jp/,nan
922,PyPI,a3rt-talkpy,https://github.com/nattyan-tv/a3rt-talkpy,https://github.com/nattyan-tv/a3rt-talkpy
923,PyPI,A3SDK,https://pypi.org/project/A3SDK/,nan
924,PyPI,a3t,https://github.com/ForeverZyh/A3T,https://github.com/ForeverZyh/A3T
925,PyPI,a3-tradehub-sdk-uat,https://a3.aliceblueonline.com/,nan
926,PyPI,a3-tradehub-test-2,https://a3.aliceblueonline.com/,nan
927,PyPI,a_3y,https://pypi.org/project/a_3y/,nan
928,PyPI,a4,https://pypi.org/project/a4/,nan
929,PyPI,a42-proto,https://pypi.org/project/a42-proto/,nan
930,PyPI,a430py,https://pypi.org/project/a430py/,nan
931,PyPI,a4a,https://pypi.org/project/a4a/,nan
932,PyPI,a4agro-vegetation-index,nan,nan
933,PyPI,a4agro-vegetation-index-calculation,https://pypi.org/project/a4agro-vegetation-index-calculation/,nan
934,PyPI,a4e,https://pypi.org/project/a4e/,https://github.com/simetrik-inc-public/a4e-mcp-server
935,PyPI,a4e-bmacer,https://github.com/pypa/a4e,https://github.com/pypa/a4e
936,PyPI,a4f,https://pypi.org/project/a4f/,nan
937,PyPI,a4f-local,https://pypi.org/project/a4f-local/,https://github.com/Devs-Do-Code/a4f-local
938,PyPI,a4pdf,https://pypi.org/project/a4pdf/,nan
939,PyPI,A4Shape,https://github.com/Black7unter-X/A4Shape,https://github.com/Black7unter-X/A4Shape
940,PyPI,a4t-party_contact,http://adiczion.com,nan
941,PyPI,a4t-sale-discount,http://adiczion.com/,nan
942,PyPI,a4t-sale_tax_included,http://adiczion.com/,nan
943,PyPI,a4t-sale-terms-and-conditions,http://adiczion.com/,nan
944,PyPI,a4t-terms-and-conditions,http://adiczion.com/,nan
945,PyPI,a4x-orchestration,https://pypi.org/project/a4x-orchestration/,https://github.com/Analytics4MD/a4x-orchestration
946,PyPI,a4x-pegasus-wms,https://pypi.org/project/a4x-pegasus-wms/,https://github.com/pegasus-isi/a4x-pegasus-wms.git
947,PyPI,a5,https://pypi.org/project/a5/,nan
948,PyPI,a569,https://pypi.org/project/a569/,nan
949,PyPI,a5-client,https://github.com/jbianchi81/a5_client,https://github.com/jbianchi81/a5_client
950,PyPI,a5-client-utils,https://github.com/jbianchi81/a5-client-utils,https://github.com/jbianchi81/a5-client-utils
951,PyPI,a5dev,https://github.com/ankitsainidev/a5dev,https://github.com/ankitsainidev/a5dev
952,PyPI,a5orchestrator,https://github.com/akvdkharnath/A5Orchestrator.git,https://github.com/akvdkharnath/A5Orchestrator.git
953,PyPI,a5py,https://pypi.org/project/a5py/,nan
954,PyPI,a62-emotion,https://github.com/philipgaudreau/emotion,https://github.com/philipgaudreau/emotion
955,PyPI,a6pluginprotos,https://github.com/api7/ext-plugin-proto,https://github.com/api7/ext-plugin-proto
956,PyPI,a7,https://pypi.org/project/a7/,https://github.com/Deutsche-Boerse/a7
957,PyPI,a7585d,https://pypi.org/project/a7585d/,nan
958,PyPI,a79,https://pypi.org/project/a79/,https://github.com/a79ai/a79
959,PyPI,a7a1234,https://pypi.org/project/a7a1234/,nan
960,PyPI,a7c,nan,nan
961,PyPI,a7d,https://pypi.org/project/a7d/,nan
962,PyPI,a7dtester,https://pypi.org/project/a7dtester/,nan
963,PyPI,a7n-global-cli,https://github.com/a7n-global/infra,https://github.com/a7n-global/infra
964,PyPI,a7p,https://pypi.org/project/a7p/,https://github.com/o-murphy/a7p
965,PyPI,a7son-lib,https://pypi.org/project/a7son-lib/,nan
966,PyPI,a8,http://abominade.org,nan
967,PyPI,a816,https://pypi.org/project/a816/,nan
968,PyPI,a8a8a8a8a8a8a8a8a8a8a8a8a8a8a8,https://github.com/JoeAmedeo/audiobook,https://github.com/JoeAmedeo/audiobook
969,PyPI,a8c-cusser,https://github.com/Automattic/cusser,https://github.com/Automattic/cusser
970,PyPI,a8ctl,https://github.com/amalgam8/a8ctl,https://github.com/amalgam8/a8ctl
971,PyPI,a8e,http://k0s.org/hg/a8e,nan
972,PyPI,a8logging,https://github.com/devdp/python-logging.git,https://github.com/devdp/python-logging.git
973,PyPI,a8mailer,https://github.com/devdp/python-mailer.git,https://github.com/devdp/python-mailer.git
974,PyPI,a99,https://github.com/trevisanj/a99,https://github.com/trevisanj/a99
975,PyPI,a9a,https://pypi.org/project/a9a/,nan
976,PyPI,a9s,https://github.com/IamShobe/a9s,https://github.com/IamShobe/a9s
977,PyPI,a9s-kit,https://pypi.org/project/a9s-kit/,nan
978,PyPI,a9x-webstatistics,https://github.com/ava007/a9x-webstatistics,https://github.com/ava007/a9x-webstatistics
979,PyPI,aa,nan,nan
980,PyPI,AA20029UNO,https://github.com/Moises211,https://github.com/Moises211
981,PyPI,AA23028UNO,https://pypi.org/project/AA23028UNO/,nan
982,PyPI,aa25,https://github.com/pythonml/douyin_image,https://github.com/pythonml/douyin_image
983,PyPI,aa2atom,https://github.com/MatteoLacki/aa2atom,https://github.com/MatteoLacki/aa2atom
984,PyPI,aa2unicode,https://pypi.org/project/aa2unicode/,nan
985,PyPI,aaa,nan,nan
986,PyPI,aaa103439,http://test.com,nan
987,PyPI,aaa1111,https://pypi.org/project/aaa1111/,https://github.com/Bing-su/AAA1111
988,PyPI,aaa123123tt,https://pypi.org/project/aaa123123tt/,nan
989,PyPI,aaa2.1.1,https://pypi.org/project/aaa2.1.1/,nan
990,PyPI,aaaa,http://github.com/sgrieve/aaaa,http://github.com/sgrieve/aaaa
991,PyPI,a-a-a-a-a,https://github.com/lqxnjk/a_a_a_a_a,https://github.com/lqxnjk/a_a_a_a_a
992,PyPI,Aaaaaaaaaaaaaaaaaaa-aaaaaaaaa-aaaaaaasa-aaaaaaasa-aaaaasaa-aaaaaaasa-bbbbbbbbbbb,https://pypi.org/project/Aaaaaaaaaaaaaaaaaaa-aaaaaaaaa-aaaaaaasa-aaaaaaasa-aaaaasaa-aaaaaaasa-bbbbbbbbbbb/,nan
993,PyPI,aaaaaaprojectdone,https://pypi.org/project/aaaaaaprojectdone/,nan
994,PyPI,aaaaaatest,https://github.com/kourosa/data_package.git,https://github.com/kourosa/data_package.git
995,PyPI,aaaabpackage,https://pypi.org/project/aaaabpackage/,nan
996,PyPI,aaaacpackage,https://pypi.org/project/aaaacpackage/,nan
997,PyPI,aaaa-dictionary,https://pypi.org/project/aaaa-dictionary/,nan
998,PyPI,aaaadpackage,https://pypi.org/project/aaaadpackage/,nan
999,PyPI,aaaahorodatage,https://framagit.org/zenjo/AaaaHorodatage,nan
1000,PyPI,aaaai,https://github.com/algonouir/aaaai,https://github.com/algonouir/aaaai
